"time","electrolyser_simple.Pelec","electrolyser_detailed1.Pelec"
0,49,49
0.25,48.6427,48.5842
0.5,48.6301,48.5305
0.75,48.6175,48.4893
1,48.6049,48.4569
1,48.6049,48.4569
1,48.6049,48.4569
1.25,48.5548,48.3934
1.5,48.5044,48.3346
1.75,48.454,48.2794
2,48.4036,48.2267
2,48.4036,48.2267
2,48.4036,48.2267
2.25,48.3407,48.1635
2.5,48.2777,48.1017
2.75,48.2147,48.0409
3,48.1518,47.9809
3,48.1518,47.9809
3,48.1518,47.9809
3.25,48.1138,47.946
3.5,48.076,47.9113
3.75,48.0383,47.8765
4,48.0005,47.8418
4,48.0005,47.8418
4,48.0005,47.8418
4.25,47.9129,47.7579
4.5,47.8248,47.6744
4.75,47.7368,47.5915
5,47.6488,47.5092
5,47.6488,47.5092
5,47.6488,47.5092
5.25,47.6231,47.4884
5.5,47.598,47.4674
5.75,47.5728,47.4457
6,47.5477,47.4237
6,47.5477,47.4237
6,47.5477,47.4237
6.25,47.7468,47.6222
6.5,47.9481,47.8187
6.75,48.1495,48.0123
7,48.351,48.2035
7,48.351,48.2035
7,48.351,48.2035
7.25,48.4277,48.2705
7.5,48.5033,48.3374
7.75,48.5789,48.405
8,48.6546,48.4731
8,48.6546,48.4731
8,48.6546,48.4731
8.25,48.6677,48.4805
8.5,48.6804,48.4885
8.75,48.693,48.4976
9,48.7055,48.5073
9,48.7055,48.5073
9,48.7055,48.5073
9.25,48.6557,48.4563
9.5,48.6052,48.4061
9.75,48.5548,48.357
10,48.5044,48.3087
10,48.5044,48.3087
10,48.5044,48.3087
10.25,48.4165,48.224
10.5,48.3283,48.14
10.75,48.2401,48.0568
11,48.1521,47.9743
11,48.1521,47.9743
11,48.1521,47.9743
11.25,48.1138,47.941
11.5,48.076,47.9077
11.75,48.0383,47.874
12,48.0005,47.84
12,48.0005,47.84
12,48.0005,47.84
12.25,47.9378,47.7812
12.5,47.8749,47.7224
12.75,47.812,47.6638
13,47.7492,47.6057
13,47.7492,47.6057
13,47.7492,47.6057
13.25,47.7486,47.6084
13.5,47.7486,47.611
13.75,47.7486,47.6129
14,47.7486,47.6142
14,47.7486,47.6142
14,47.7486,47.6142
14.25,47.7985,47.6643
14.5,47.8488,47.7137
14.75,47.8991,47.7622
15,47.9494,47.8102
15,47.9494,47.8102
15,47.9494,47.8102
15.25,47.9997,47.8577
15.5,48.0501,47.9049
15.75,48.1004,47.952
16,48.1508,47.9988
16,48.1508,47.9988
16,48.1508,47.9988
16.25,48.2261,48.0701
16.5,48.3017,48.1411
16.75,48.3773,48.2118
17,48.4529,48.2821
17,48.4529,48.2821
17,48.4529,48.2821
17.25,48.4785,48.3032
17.5,48.5037,48.3245
17.75,48.5289,48.3463
18,48.5541,48.3685
18,48.5541,48.3685
18,48.5541,48.3685
18.25,48.5669,48.3788
18.5,48.5795,48.3894
18.75,48.5921,48.4002
19,48.6046,48.4113
19,48.6046,48.4113
19,48.6046,48.4113
19.25,48.6298,48.4348
19.5,48.655,48.4583
19.75,48.6802,48.4817
20,48.7053,48.505
20,48.7053,48.505
20,48.7053,48.505
20.25,48.7307,48.5284
20.5,48.7559,48.5517
20.75,48.7812,48.575
21,48.8062,48.5982
21,48.8062,48.5982
21,48.8062,48.5982
21.25,48.8191,48.6092
21.5,48.8317,48.6203
21.75,48.8444,48.6315
22,48.857,48.6428
22,48.857,48.6428
22,48.857,48.6428
22.25,48.8696,48.6543
22.5,48.8822,48.6657
22.75,48.8948,48.6772
23,48.9074,48.6887
23,48.9074,48.6887
23,48.9074,48.6887
23.25,48.6199,48.4056
23.5,48.3301,48.1252
23.75,48.0404,47.8486
24,47.7515,47.5748
24,47.7515,47.5748
24,47.7515,47.5748
24.25,47.7237,47.5603
24.5,47.6985,47.5452
24.75,47.6734,47.5278
25,47.6483,47.5089
25,47.6483,47.5089
25,47.6483,47.5089
25.25,47.648,47.513
25.5,47.648,47.5163
25.75,47.648,47.5187
26,47.648,47.5204
26,47.648,47.5204
26,47.648,47.5204
26.25,47.6605,47.5339
26.5,47.673,47.5469
26.75,47.6856,47.5596
27,47.6981,47.5719
27,47.6981,47.5719
27,47.6981,47.5719
27.25,47.6983,47.5718
27.5,47.6983,47.5716
27.75,47.6983,47.5715
28,47.6983,47.5714
28,47.6983,47.5714
28,47.6983,47.5714
28.25,47.6609,47.5345
28.5,47.6232,47.498
28.75,47.5855,47.4619
29,47.5478,47.4262
29,47.5478,47.4262
29,47.5478,47.4262
29.25,47.5226,47.403
29.5,47.4974,47.3798
29.75,47.4723,47.3567
30,47.4473,47.3336
30,47.4473,47.3336
30,47.4473,47.3336
30.25,47.4594,47.3471
30.5,47.472,47.3604
30.75,47.4845,47.3733
31,47.4971,47.3857
31,47.4971,47.3857
31,47.4971,47.3857
31.25,47.4723,47.3612
31.5,47.4472,47.3368
31.75,47.4221,47.3127
32,47.397,47.2889
32,47.397,47.2889
32,47.397,47.2889
32.25,47.3843,47.2774
32.5,47.3717,47.266
32.75,47.3592,47.2545
33,47.3467,47.2431
33,47.3467,47.2431
33,47.3467,47.2431
33.25,47.3589,47.256
33.5,47.3715,47.2688
33.75,47.3841,47.2813
34,47.3966,47.2935
34,47.3966,47.2935
34,47.3966,47.2935
34.25,47.3843,47.2811
34.5,47.3717,47.2687
34.75,47.3592,47.2565
35,47.3466,47.2445
35,47.3466,47.2445
35,47.3466,47.2445
35.25,47.3838,47.2816
35.5,47.4215,47.3185
35.75,47.4592,47.3548
36,47.4968,47.3907
36,47.4968,47.3907
36,47.4968,47.3907
36.25,47.4225,47.3158
36.5,47.3472,47.2416
36.75,47.2718,47.1687
37,47.1965,47.0967
37,47.1965,47.0967
37,47.1965,47.0967
37.25,47.171,47.0745
37.5,47.1459,47.0522
37.75,47.1208,47.0298
38,47.0957,47.0071
38,47.0957,47.0071
38,47.0957,47.0071
38.25,47.0954,47.0088
38.5,47.0954,47.0102
38.75,47.0954,47.0112
39,47.0954,47.0119
39,47.0954,47.0119
39,47.0954,47.0119
39.25,47.1576,47.0738
39.5,47.2204,47.135
39.75,47.2832,47.1954
40,47.3459,47.2551
40,47.3459,47.2551
40,47.3459,47.2551
40.25,47.3714,47.2775
40.5,47.3965,47.2999
40.75,47.4216,47.3225
41,47.4467,47.345
41,47.4467,47.345
41,47.4467,47.345
41.25,47.5715,47.4665
41.5,47.6972,47.5869
41.75,47.823,47.7061
42,47.9487,47.8244
42,47.9487,47.8244
42,47.9487,47.8244
42.25,48.0746,47.9421
42.5,48.2005,48.0594
42.75,48.3264,48.1764
43,48.4524,48.293
43,48.4524,48.293
43,48.4524,48.293
43.25,48.491,48.3236
43.5,48.5288,48.3548
43.75,48.5666,48.387
44,48.6044,48.4199
44,48.6044,48.4199
44,48.6044,48.4199
44.25,48.6548,48.4657
44.5,48.7052,48.5118
44.75,48.7557,48.5579
45,48.8061,48.6041
45,48.8061,48.6041
45,48.8061,48.6041
45.25,48.8942,48.6873
45.5,48.9825,48.7702
45.75,49.0709,48.8527
46,49.1592,48.9347
46,49.1592,48.9347
46,49.1592,48.9347
46.25,49.2478,49.0166
46.5,49.3362,49.0983
46.75,49.4247,49.1799
47,49.5131,49.2613
47,49.5131,49.2613
47,49.5131,49.2613
47.25,49.4889,49.2321
47.5,49.4636,49.2039
47.75,49.4383,49.1771
48,49.4131,49.1517
48,49.4131,49.1517
48,49.4131,49.1517
48.25,49.3878,49.1264
48.5,49.3625,49.1019
48.75,49.3372,49.0777
49,49.3119,49.0539
49,49.3119,49.0539
49,49.3119,49.0539
49.25,49.3743,49.1161
49.5,49.4376,49.1778
49.75,49.5008,49.2385
50,49.564,49.2983
50,49.564,49.2983
50,49.564,49.2983
50.25,49.552,49.284
50.5,49.5394,49.2699
50.75,49.5267,49.2565
51,49.5142,49.2438
51,49.5142,49.2438
51,49.5142,49.2438
51.25,49.539,49.268
51.5,49.5643,49.2923
51.75,49.5896,49.3163
52,49.6149,49.34
52,49.6149,49.34
52,49.6149,49.34
52.25,49.6152,49.3391
52.5,49.6152,49.3383
52.75,49.6152,49.3377
53,49.6152,49.3372
53,49.6152,49.3372
53,49.6152,49.3372
53.25,49.565,49.2878
53.5,49.5144,49.2388
53.75,49.4638,49.1906
54,49.4133,49.143
54,49.4133,49.143
54,49.4133,49.143
54.25,49.3126,49.0465
54.5,49.2115,48.9507
54.75,49.1105,48.8558
55,49.0095,48.7622
55,49.0095,48.7622
55,49.0095,48.7622
55.25,48.7709,48.5324
55.5,48.5312,48.305
55.75,48.2918,48.0795
56,48.0527,47.8555
56,48.0527,47.8555
56,48.0527,47.8555
56.25,47.8884,47.7059
56.5,47.7249,47.5564
56.75,47.5615,47.4065
57,47.3982,47.2564
57,47.3982,47.2564
57,47.3982,47.2564
57.25,47.1229,46.9956
57.5,46.847,46.7356
57.75,46.5713,46.4769
58,46.296,46.2191
58,46.296,46.2191
58,46.296,46.2191
58.25,46.4424,46.3785
58.5,46.5927,46.5353
58.75,46.743,46.6874
59,46.8935,46.8359
59,46.8935,46.8359
59,46.8935,46.8359
59.25,46.6214,46.5646
59.5,46.3459,46.2952
59.75,46.0707,46.0297
60,45.7958,45.7671
60,45.7958,45.7671
60,45.7958,45.7671
60.25,45.6695,45.6534
60.5,45.5447,45.54
60.75,45.4199,45.4259
61,45.2952,45.3112
61,45.2952,45.3112
61,45.2952,45.3112
61.25,45.393,45.4167
61.5,45.4928,45.5202
61.75,45.5927,45.6208
62,45.6926,45.7192
62,45.6926,45.7192
62,45.6926,45.7192
62.25,45.5325,45.5588
62.5,45.3703,45.3992
62.75,45.2081,45.2421
63,45.0468,45.0867
63,45.0468,45.0867
63,45.0468,45.0867
63.25,44.9706,45.0182
63.5,44.8958,44.9499
63.75,44.8211,44.8813
64,44.7464,44.8124
64,44.7464,44.8124
64,44.7464,44.8124
64.25,44.7704,44.8412
64.5,44.7953,44.8692
64.75,44.8202,44.8959
65,44.845,44.9216
65,44.845,44.9216
65,44.845,44.9216
65.25,44.8207,44.8978
65.5,44.7958,44.8737
65.75,44.7709,44.8498
66,44.746,44.8261
66,44.746,44.8261
66,44.746,44.8261
66.25,44.8075,44.8883
66.5,44.8697,44.9501
66.75,44.932,45.0108
67,44.9943,45.0706
67,44.9943,45.0706
67,44.9943,45.0706
67.25,45.069,45.1425
67.5,45.1438,45.2137
67.75,45.2186,45.2846
68,45.2934,45.3551
68,45.2934,45.3551
68,45.2934,45.3551
68.25,45.4548,45.5113
68.5,45.6171,45.6666
68.75,45.7795,45.8208
69,45.9418,45.9741
69,45.9418,45.9741
69,45.9418,45.9741
69.25,46.0673,46.0899
69.5,46.1923,46.2056
69.75,46.3174,46.3213
70,46.4424,46.4372
70,46.4424,46.4372
70,46.4424,46.4372
70.25,46.4561,46.4427
70.5,46.4686,46.4491
70.75,46.4812,46.457
71,46.4937,46.4658
71,46.4937,46.4658
71,46.4937,46.4658
71.25,45.8118,45.7888
71.5,45.1254,45.1187
71.75,44.4406,44.4577
72,43.7573,43.803
72,43.7573,43.803
72,43.7573,43.803
72.25,43.7022,43.7756
72.5,43.6526,43.7473
72.75,43.603,43.7142
73,43.5534,43.6776
73,43.5534,43.6776
73,43.5534,43.6776
73.25,43.6021,43.7362
73.5,43.6517,43.7923
73.75,43.7014,43.8458
74,43.7509,43.8974
74,43.7509,43.8974
74,43.7509,43.8974
74.25,43.8252,43.9722
74.5,43.8997,44.0458
74.75,43.9742,44.1183
75,44.0487,44.1901
75,44.0487,44.1901
75,44.0487,44.1901
75.25,44.1109,44.249
75.5,44.1731,44.3077
75.75,44.2352,44.3662
76,44.2973,44.4245
76,44.2973,44.4245
76,44.2973,44.4245
76.25,44.3595,44.4828
76.5,44.4217,44.5411
76.75,44.4839,44.5993
77,44.5461,44.6574
77,44.5461,44.6574
77,44.5461,44.6574
77.25,44.5589,44.6666
77.5,44.5714,44.676
77.75,44.5838,44.686
78,44.5962,44.6965
78,44.5962,44.6965
78,44.5962,44.6965
78.25,44.4237,44.5234
78.5,44.2497,44.3521
78.75,44.0757,44.1831
79,43.9019,44.016
79,43.9019,44.016
79,43.9019,44.016
79.25,43.7158,43.8377
79.5,43.5297,43.6605
79.75,43.3438,43.4841
80,43.158,43.3085
80,43.158,43.3085
80,43.158,43.3085
80.25,42.8987,43.0595
80.5,42.639,42.8115
80.75,42.3795,42.5646
81,42.1204,42.3186
81,42.1204,42.3186
81,42.1204,42.3186
81.25,41.8368,42.0486
81.5,41.5534,41.7792
81.75,41.2702,41.5104
82,40.9875,41.242
82,40.9875,41.242
82,40.9875,41.242
82.25,40.717,40.9861
82.5,40.4469,40.7304
82.75,40.1771,40.4747
83,39.9082,40.2191
83,39.9082,40.2191
83,39.9082,40.2191
83.25,40.0389,40.366
83.5,40.1737,40.5109
83.75,40.3085,40.6515
84,40.4434,40.7888
84,40.4434,40.7888
84,40.4434,40.7888
84.25,40.5054,40.8504
84.5,40.5668,40.9106
84.75,40.6282,40.9703
85,40.6894,41.0295
85,40.6894,41.0295
85,40.6894,41.0295
85.25,40.5197,40.8561
85.5,40.3479,40.684
85.75,40.1763,40.5145
86,40.0048,40.3467
86,40.0048,40.3467
86,40.0048,40.3467
86.25,40.0275,40.3757
86.5,40.0521,40.4045
86.75,40.0766,40.4319
87,40.101,40.4581
87,40.101,40.4581
87,40.101,40.4581
87.25,39.9798,40.3356
87.5,39.8573,40.211
87.75,39.7349,40.0859
88,39.6126,39.9604
88,39.6126,39.9604
88,39.6126,39.9604
88.25,39.6115,39.9578
88.5,39.6115,39.9562
88.75,39.6115,39.9547
89,39.6115,39.9531
89,39.6115,39.9531
89,39.6115,39.9531
89.25,39.6115,39.9517
89.5,39.6115,39.9508
89.75,39.6115,39.9502
90,39.6115,39.9498
90,39.6115,39.9498
90,39.6115,39.9498
90.25,39.6115,39.9499
90.5,39.6115,39.9507
90.75,39.6115,39.9519
91,39.6115,39.9535
91,39.6115,39.9535
91,39.6115,39.9535
91.25,39.6115,39.9553
91.5,39.6115,39.9572
91.75,39.6115,39.959
92,39.6115,39.9609
92,39.6115,39.9609
92,39.6115,39.9609
92.25,39.6115,39.963
92.5,39.6115,39.9652
92.75,39.6115,39.9675
93,39.6115,39.9698
93,39.6115,39.9698
93,39.6115,39.9698
93.25,39.6236,39.9848
93.5,39.6359,40.0002
93.75,39.6481,40.0158
94,39.6603,40.0314
94,39.6603,40.0314
94,39.6603,40.0314
94.25,39.7454,40.1202
94.5,39.8311,40.2075
94.75,39.9168,40.2932
95,40.0025,40.3778
95,40.0025,40.3778
95,40.0025,40.3778
95.25,40.6842,41.0613
95.5,41.3727,41.741
95.75,42.0628,42.4137
96,42.7542,43.0806
96,42.7542,43.0806
96,42.7542,43.0806
96.25,42.7481,43.0431
96.5,42.7358,43.0082
96.75,42.7234,42.9797
97,42.7111,42.9558
97,42.7111,42.9558
97,42.7111,42.9558
97.25,42.7477,42.9843
97.5,42.7848,43.0147
97.75,42.8219,43.0463
98,42.859,43.0786
98,42.859,43.0786
98,42.859,43.0786
98.25,42.8471,43.063
98.5,42.8347,43.0479
98.75,42.8224,43.0338
99,42.81,43.0205
99,42.81,43.0205
99,42.81,43.0205
99.25,42.8344,43.0441
99.5,42.8591,43.068
99.75,42.8839,43.0917
100,42.9086,43.1153
100,42.9086,43.1153
100,42.9086,43.1153
100.25,42.9456,43.151
100.5,42.9828,43.1866
100.75,43.0199,43.222
101,43.0569,43.2572
101,43.0569,43.2572
101,43.0569,43.2572
101.25,43.0574,43.2557
101.5,43.0574,43.2542
101.75,43.0574,43.2532
102,43.0574,43.2524
102,43.0574,43.2524
102,43.0574,43.2524
102.25,43.1556,43.3498
102.5,43.2546,43.4467
102.75,43.3538,43.5426
103,43.4529,43.6375
103,43.4529,43.6375
103,43.4529,43.6375
103.25,43.3432,43.5238
103.5,43.2317,43.4112
103.75,43.1202,43.3007
104,43.0088,43.1919
104,43.0088,43.1919
104,43.0088,43.1919
104.25,42.9342,43.1209
104.5,42.86,43.0505
104.75,42.7858,42.9803
105,42.7116,42.9102
105,42.7116,42.9102
105,42.7116,42.9102
105.25,42.6497,42.8525
105.5,42.5878,42.7947
105.75,42.5261,42.7369
106,42.4643,42.679
106,42.4643,42.679
106,42.4643,42.679
106.25,42.3535,42.5721
106.5,42.2424,42.4655
106.75,42.1313,42.3594
107,42.0203,42.2538
107,42.0203,42.2538
107,42.0203,42.2538
107.25,41.9826,42.2218
107.5,41.9456,42.1895
107.75,41.9086,42.1566
108,41.8717,42.1235
108,41.8717,42.1235
108,41.8717,42.1235
108.25,42.2016,42.4565
108.5,42.535,42.7874
108.75,42.8689,43.1138
109,43.2031,43.4367
109,43.2031,43.4367
109,43.2031,43.4367
109.25,42.9114,43.132
109.5,42.6146,42.8305
109.75,42.3181,42.5353
110,42.0219,42.2446
110,42.0219,42.2446
110,42.0219,42.2446
110.25,41.8237,42.0549
110.5,41.6265,41.8668
110.75,41.4295,41.6793
111,41.2326,41.4924
111,41.2326,41.4924
111,41.2326,41.4924
111.25,41.2187,41.4888
111.5,41.2064,41.4844
111.75,41.1941,41.4782
112,41.1818,41.4706
112,41.1818,41.4706
112,41.1818,41.4706
112.25,41.1695,41.4618
112.5,41.1572,41.4523
112.75,41.1449,41.4423
113,41.1326,41.4319
113,41.1326,41.4319
113,41.1326,41.4319
113.25,41.1813,41.4822
113.5,41.2305,41.532
113.75,41.2797,41.581
114,41.3289,41.6291
114,41.3289,41.6291
114,41.3289,41.6291
114.25,41.4148,41.7138
114.5,41.5009,41.7977
114.75,41.5872,41.881
115,41.6734,41.9637
115,41.6734,41.9637
115,41.6734,41.9637
115.25,41.7963,42.0828
115.5,41.9196,42.2014
115.75,42.0429,42.3194
116,42.1663,42.4367
116,42.1663,42.4367
116,42.1663,42.4367
116.25,42.2653,42.5296
116.5,42.3641,42.6221
116.75,42.4629,42.7148
117,42.5617,42.8075
117,42.5617,42.8075
117,42.5617,42.8075
117.25,42.5626,42.8023
117.5,42.5626,42.7978
117.75,42.5626,42.7946
118,42.5626,42.7922
118,42.5626,42.7922
118,42.5626,42.7922
118.25,42.5749,42.8027
118.5,42.5872,42.8136
118.75,42.5996,42.8246
119,42.6119,42.8358
119,42.6119,42.8358
119,42.6119,42.8358
119.25,42.9554,43.1779
119.5,43.3021,43.5179
119.75,43.6492,43.854
120,43.9966,44.1873
120,43.9966,44.1873
120,43.9966,44.1873
120.25,44.012,44.187
120.5,44.0244,44.1879
120.75,44.0368,44.1917
121,44.049,44.1974
121,44.049,44.1974
121,44.049,44.1974
121.25,44.0617,44.2051
121.5,44.0741,44.2137
121.75,44.0865,44.2231
122,44.0989,44.233
122,44.0989,44.233
122,44.0989,44.233
122.25,44.0991,44.2313
122.5,44.0991,44.2299
122.75,44.0991,44.2289
123,44.0991,44.2282
123,44.0991,44.2282
123,44.0991,44.2282
123.25,44.1114,44.2399
123.5,44.1238,44.2516
123.75,44.1362,44.2634
124,44.1486,44.275
124,44.1486,44.275
124,44.1486,44.275
124.25,44.1611,44.2867
124.5,44.1735,44.2984
124.75,44.1859,44.31
125,44.1983,44.3217
125,44.1983,44.3217
125,44.1983,44.3217
125.25,44.1861,44.3088
125.5,44.1737,44.2962
125.75,44.1613,44.2837
126,44.1489,44.2716
126,44.1489,44.2716
126,44.1489,44.2716
126.25,44.1611,44.284
126.5,44.1735,44.2964
126.75,44.1859,44.3086
127,44.1983,44.3205
127,44.1983,44.3205
127,44.1983,44.3205
127.25,44.1985,44.3203
127.5,44.1985,44.32
127.75,44.1985,44.3198
128,44.1985,44.3196
128,44.1985,44.3196
128,44.1985,44.3196
128.25,44.1985,44.3195
128.5,44.1985,44.3194
128.75,44.1985,44.3193
129,44.1985,44.3192
129,44.1985,44.3192
129,44.1985,44.3192
129.25,44.1615,44.2824
129.5,44.1242,44.2459
129.75,44.087,44.2098
130,44.0497,44.1741
130,44.0497,44.1741
130,44.0497,44.1741
130.25,44.0371,44.1631
130.5,44.0246,44.1521
130.75,44.0122,44.141
131,43.9998,44.1297
131,43.9998,44.1297
131,43.9998,44.1297
131.25,43.8028,43.9346
131.5,43.6043,43.7408
131.75,43.4059,43.5492
132,43.2077,43.3594
132,43.2077,43.3594
132,43.2077,43.3594
132.25,43.3165,43.4762
132.5,43.428,43.592
132.75,43.5396,43.7048
133,43.6512,43.8154
133,43.6512,43.8154
133,43.6512,43.8154
133.25,43.5169,43.6794
133.5,43.3806,43.544
133.75,43.2443,43.4107
134,43.1081,43.2789
134,43.1081,43.2789
134,43.1081,43.2789
134.25,42.9596,43.1359
134.5,42.8112,42.9938
134.75,42.6628,42.8524
135,42.5145,42.7118
135,42.5145,42.7118
135,42.5145,42.7118
135.25,42.5132,42.7179
135.5,42.5132,42.7236
135.75,42.5132,42.7277
136,42.5132,42.7307
136,42.5132,42.7307
136,42.5132,42.7307
136.25,42.5989,42.8186
136.5,42.6855,42.9054
136.75,42.772,42.9907
137,42.8586,43.0749
137,42.8586,43.0749
137,42.8586,43.0749
137.25,42.8348,43.0483
137.5,42.8101,43.0217
137.75,42.7854,42.996
138,42.7606,42.9713
138,42.7606,42.9713
138,42.7606,42.9713
138.25,42.8953,43.1057
138.5,43.0314,43.2397
138.75,43.1676,43.372
139,43.3039,43.503
139,43.3039,43.503
139,43.3039,43.503
139.25,43.5385,43.7314
139.5,43.7742,43.9583
139.75,44.0101,44.1836
140,44.2461,44.4076
140,44.2461,44.4076
140,44.2461,44.4076
140.25,44.3221,44.4713
140.5,44.3967,44.5355
140.75,44.4713,44.6012
141,44.546,44.6678
141,44.546,44.6678
141,44.546,44.6678
141.25,44.6947,44.8092
141.5,44.8441,44.9504
141.75,44.9936,45.0912
142,45.143,45.2314
142,45.143,45.2314
142,45.143,45.2314
142.25,44.8973,44.9789
142.5,44.6483,44.7296
142.75,44.3995,44.485
143,44.1511,44.2445
143,44.1511,44.2445
143,44.1511,44.2445
143.25,45.2223,45.3171
143.5,46.3091,46.3839
143.75,47.3998,47.4364
144,48.4943,48.4777
144,48.4943,48.4777
144,48.4943,48.4777
144.25,48.5414,48.474
144.5,48.5793,48.4751
144.75,48.6171,48.486
145,48.6547,48.5036
145,48.6547,48.5036
145,48.6547,48.5036
145.25,48.7428,48.5759
145.5,48.8311,48.6508
145.75,48.9194,48.7276
146,49.0078,48.8055
146,49.0078,48.8055
146,49.0078,48.8055
146.25,48.996,48.7862
146.5,48.9834,48.7684
146.75,48.9708,48.7524
147,48.9582,48.7377
147,48.9582,48.7377
147,48.9582,48.7377
147.25,48.9706,48.7484
147.5,48.9832,48.7595
147.75,48.9958,48.7707
148,49.0084,48.7821
148,49.0084,48.7821
148,49.0084,48.7821
148.25,48.8709,48.6461
148.5,48.7321,48.5115
148.75,48.5934,48.3789
149,48.4548,48.2478
149,48.4548,48.2478
149,48.4548,48.2478
149.25,48.4036,48.2034
149.5,48.3532,48.1591
149.75,48.3028,48.1142
150,48.2524,48.0689
150,48.2524,48.0689
150,48.2524,48.0689
150.25,48.202,48.0231
150.5,48.1517,47.9772
150.75,48.1013,47.9312
151,48.051,47.8851
151,48.051,47.8851
151,48.051,47.8851
151.25,48.0879,47.9247
151.5,48.1257,47.9636
151.75,48.1635,48.0014
152,48.2012,48.038
152,48.2012,48.038
152,48.2012,48.038
152.25,48.1267,47.9641
152.5,48.0512,47.8905
152.75,47.9757,47.818
153,47.9002,47.7463
153,47.9002,47.7463
153,47.9002,47.7463
153.25,47.8496,47.6997
153.5,47.7993,47.6533
153.75,47.749,47.6069
154,47.6988,47.5606
154,47.6988,47.5606
154,47.6988,47.5606
154.25,47.6983,47.5632
154.5,47.6983,47.5654
154.75,47.6983,47.5671
155,47.6983,47.5682
155,47.6983,47.5682
155,47.6983,47.5682
155.25,47.6983,47.5691
155.5,47.6983,47.5697
155.75,47.6983,47.5701
156,47.6983,47.5704
156,47.6983,47.5704
156,47.6983,47.5704
156.25,47.7482,47.6197
156.5,47.7985,47.6686
156.75,47.8488,47.7168
157,47.899,47.7644
157,47.899,47.7644
157,47.899,47.7644
157.25,47.887,47.7504
157.5,47.8745,47.7366
157.75,47.8619,47.7234
158,47.8494,47.7108
158,47.8494,47.7108
158,47.8494,47.7108
158.25,47.8866,47.7474
158.5,47.9243,47.7839
158.75,47.9621,47.82
159,47.9997,47.8557
159,47.9997,47.8557
159,47.9997,47.8557
159.25,47.9752,47.8297
159.5,47.9501,47.8041
159.75,47.9249,47.7792
160,47.8998,47.7549
160,47.8998,47.7549
160,47.8998,47.7549
160.25,47.8372,47.6939
160.5,47.7743,47.6335
160.75,47.7114,47.5738
161,47.6486,47.5146
161,47.6486,47.5146
161,47.6486,47.5146
161.25,47.5982,47.4679
161.5,47.5479,47.4214
161.75,47.4977,47.3749
162,47.4475,47.3285
162,47.4475,47.3285
162,47.4475,47.3285
162.25,47.6089,47.4907
162.5,47.7723,47.6511
162.75,47.9358,47.8089
163,48.0994,47.9647
163,48.0994,47.9647
163,48.0994,47.9647
163.25,48.1633,48.0211
163.5,48.2262,48.0772
163.75,48.2892,48.1338
164,48.3522,48.1908
164,48.3522,48.1908
164,48.3522,48.1908
164.25,48.3777,48.2113
164.5,48.4029,48.2323
164.75,48.4281,48.254
165,48.4533,48.276
165,48.4533,48.276
165,48.4533,48.276
165.25,48.491,48.3108
165.5,48.5288,48.3456
165.75,48.5666,48.3804
166,48.6043,48.415
166,48.6043,48.415
166,48.6043,48.415
166.25,48.6548,48.4623
166.5,48.7053,48.5093
166.75,48.7557,48.5562
167,48.8061,48.6028
167,48.8061,48.6028
167,48.8061,48.6028
167.25,48.5441,48.3425
167.5,48.2795,48.0849
167.75,48.0151,47.8313
168,47.7509,47.5805
168,47.7509,47.5805
168,47.7509,47.5805
168.25,47.7361,47.5769
168.5,47.7236,47.5727
168.75,47.711,47.5664
169,47.6984,47.5589
169,47.6984,47.5589
169,47.6984,47.5589
169.25,47.6734,47.5375
169.5,47.6482,47.5157
169.75,47.6231,47.4936
170,47.5981,47.4715
170,47.5981,47.4715
170,47.5981,47.4715
170.25,47.6227,47.4975
170.5,47.6478,47.5233
170.75,47.6729,47.5485
171,47.698,47.573
171,47.698,47.573
171,47.698,47.573
171.25,47.7357,47.6095
171.5,47.7734,47.6456
171.75,47.8111,47.6814
172,47.8486,47.7168
172,47.8486,47.7168
172,47.8486,47.7168
172.25,47.8741,47.7399
172.5,47.8993,47.7629
172.75,47.9245,47.7859
173,47.9496,47.809
173,47.9496,47.809
173,47.9496,47.809
173.25,47.9249,47.7831
173.5,47.8997,47.7575
173.75,47.8746,47.7327
174,47.8495,47.7083
174,47.8495,47.7083
174,47.8495,47.7083
174.25,47.9614,47.8193
174.5,48.0747,47.9294
174.75,48.188,48.0379
175,48.3013,48.1452
175,48.3013,48.1452
175,48.3013,48.1452
175.25,48.3148,48.1535
175.5,48.3274,48.1621
175.75,48.34,48.1715
176,48.3526,48.1815
176,48.3526,48.1815
176,48.3526,48.1815
176.25,48.2404,48.0693
176.5,48.127,47.9584
176.75,48.0137,47.8493
177,47.9005,47.7421
177,47.9005,47.7421
177,47.9005,47.7421
177.25,47.9245,47.7697
177.5,47.9496,47.7974
177.75,47.9748,47.8238
178,47.9999,47.8493
178,47.9999,47.8493
178,47.9999,47.8493
178.25,47.9752,47.8251
178.5,47.9501,47.8009
178.75,47.9249,47.7769
179,47.8998,47.7531
179,47.8998,47.7531
179,47.8998,47.7531
179.25,47.8746,47.7295
179.5,47.8494,47.706
179.75,47.8243,47.6826
180,47.7993,47.6592
180,47.7993,47.6592
180,47.7993,47.6592
180.25,47.7615,47.6236
180.5,47.7238,47.5881
180.75,47.6861,47.5528
181,47.6486,47.5177
181,47.6486,47.5177
181,47.6486,47.5177
181.25,47.648,47.5194
181.5,47.648,47.5209
181.75,47.648,47.522
182,47.648,47.5228
182,47.648,47.5228
182,47.648,47.5228
182.25,47.6356,47.5111
182.5,47.623,47.4993
182.75,47.6104,47.4876
183,47.5979,47.4759
183,47.5979,47.4759
183,47.5979,47.4759
183.25,47.66,47.5378
183.5,47.7229,47.5992
183.75,47.7858,47.6597
184,47.8486,47.7194
184,47.8486,47.7194
184,47.8486,47.7194
184.25,47.8492,47.7174
184.5,47.8492,47.7155
184.75,47.8492,47.7141
185,47.8492,47.713
185,47.8492,47.713
185,47.8492,47.713
185.25,47.8741,47.7369
185.5,47.8993,47.7607
185.75,47.9245,47.7844
186,47.9495,47.8078
186,47.9495,47.8078
186,47.9495,47.8078
186.25,47.9623,47.8191
186.5,47.9749,47.8303
186.75,47.9875,47.8417
187,48.0001,47.853
187,48.0001,47.853
187,48.0001,47.853
187.25,47.9503,47.8032
187.5,47.9,47.7538
187.75,47.8496,47.7052
188,47.7994,47.6574
188,47.7994,47.6574
188,47.7994,47.6574
188.25,47.7366,47.5975
188.5,47.6737,47.5382
188.75,47.6109,47.4791
189,47.548,47.4204
189,47.548,47.4204
189,47.548,47.4204
189.25,47.5973,47.4723
189.5,47.6476,47.5234
189.75,47.6979,47.5732
190,47.7481,47.622
190,47.7481,47.622
190,47.7481,47.622
190.25,47.8234,47.6948
190.5,47.8989,47.7669
190.75,47.9743,47.8383
191,48.0497,47.909
191,48.0497,47.909
